id,code,name,essalud_seguro_regular,essalud_cbssp,essalud_seguro_agrario,essalud_sctr,imp_extra_solidaridad,fondo_der_artista,senati,sistema_nacional_pensiones,sistema_privado_pensiones,fondo_compl_jub,reg_esp_pesquero,rent5ta,essalud_regular_pension,contrib_sol_asist
plame_line_0100,0100,INGRESOS,0,0,0,0,0,0,0,0,0,0,0,0,0,0
plame_line_0101,0101,ALIMENTACIÓN PRINCIPAL EN DINERO,1,1,1,1,1,1,1,1,1,1,1,1,0,0
plame_line_0102,0102,ALIMENTACIÓN PRINCIPAL EN ESPECIE,1,1,1,1,1,1,1,1,1,1,1,1,0,0
plame_line_0103,0103,COMISIONES O DESTAJO,1,1,1,1,1,1,1,1,1,1,1,1,0,0
plame_line_0104,0104,COMISIONES EVENTUALES A TRABAJADORES,1,1,1,1,1,1,1,1,1,1,1,1,0,0
plame_line_0105,0105,TRABAJO EN SOBRETIEMPO (HORAS EXTRAS) 25%,1,1,1,1,1,1,1,1,1,1,1,1,0,0
plame_line_0106,0106,TRABAJO EN SOBRETIEMPO (HORAS EXTRAS) 35%,1,1,1,1,1,1,1,1,1,1,1,1,0,0
plame_line_0107,0107,TRABAJO EN DÍA FERIADO O DÍA DE DESCANSO,1,1,1,1,1,1,1,1,1,1,1,1,0,0
plame_line_0108,0108,INCREMENTO EN SNP 3.3 %,1,1,1,1,1,1,1,1,1,1,0,1,0,0
plame_line_0109,0109,INCREMENTO POR AFILIACIÓN A AFP 10.23%,1,1,1,1,1,1,1,0,1,1,0,1,0,0
plame_line_0110,0110,INCREMENTO POR AFILIACIÓN A AFP 3.00%,1,1,1,1,1,1,1,0,1,1,0,0,0,0
plame_line_0111,0111,PREMIOS POR VENTAS,1,1,1,1,1,1,1,1,1,1,1,1,0,0
plame_line_0112,0112,PRESTACIONES ALIMENTARIAS - SUMINISTROS DIRECTOS,1,1,1,1,0,1,1,1,1,1,1,1,0,0
plame_line_0113,0113,PRESTACIONES ALIMENTARIAS - SUMINISTROS INDIRECTOS,0,0,0,0,0,0,0,0,0,0,1,1,0,0
plame_line_0114,0114,VACACIONES TRUNCAS,1,1,1,1,1,1,1,1,1,1,1,1,0,0
plame_line_0115,0115,REMUNERACIÓN DÍA DE DESCANSO Y FERIADOS (INCLUIDA LA DEL 1° DE MAYO),1,1,1,1,1,1,1,1,1,1,1,1,0,0
plame_line_0116,0116,REMUNERACIÓN EN ESPECIE,1,1,1,0,0,1,1,1,0,1,1,1,0,0
plame_line_0117,0117,COMPENSACIÓN VACACIONAL,1,1,1,1,1,1,1,1,1,1,1,1,0,0
plame_line_0118,0118,REMUNERACIÓN VACACIONAL,1,1,1,1,1,1,1,1,1,1,1,1,0,0
plame_line_0119,0119,REMUNERACIONES DEVENGADAS,1,1,1,1,1,1,1,1,1,1,1,1,0,0
plame_line_0120,0120,SUBVENCIÓN ECONÓMICA MENSUAL (PRACTICANTE SENATI),1,0,0,1,0,0,0,1,0,0,0,0,0,0
plame_line_0121,0121,REMUNERACIÓN O JORNAL BÁSICO,1,1,1,1,1,1,1,1,1,1,1,1,0,0
plame_line_0122,0122,REMUNERACIÓN PERMANENTE,1,1,1,1,1,1,1,1,1,1,1,1,0,0
plame_line_0123,0123,REMUNERACIÓN DE LOS SOCIOS DE COOPERATIVAS,1,1,1,1,1,1,1,1,1,1,1,1,0,0
plame_line_0124,0124,REMUNERACIÓN POR LA HORA DE PERMISO POR LACTANCIA,1,1,1,1,1,1,1,1,1,1,1,0,0,0
plame_line_0125,0125,REMUNERACIÓN INTEGRAL ANUAL - CUOTA,1,1,1,1,1,1,1,1,1,1,1,1,0,0
plame_line_0126,0126,INGRESOS DEL CONDUCTOR DE LA MICROEMPRESA AFILIADO AL SIS,0,0,0,0,0,0,0,1,1,0,0,0,0,0
plame_line_0127,0127,INGRESOS DEL CONDUCTOR DE LA MICROEMPRESA - SEGURO REGULAR,1,0,0,1,0,0,0,1,1,0,0,0,0,0
plame_line_0128,0128,RENUNERACIÓN QUE EXCEDE EL VALOR DE MERCADO (DIVIDENDOS),1,1,1,1,1,1,1,1,1,1,1,0,0,0
plame_line_0200,0200,INGRESOS: ASIGNACIONES,0,0,0,0,0,0,0,0,0,0,0,0,0,0
plame_line_0201,0201,ASIGNACIÓN FAMILIAR,1,1,1,1,1,1,1,1,1,1,1,1,0,0
plame_line_0202,0202,ASIGNACIÓN O BONIFICACIÓN POR EDUCACIÓN (1),0,0,0,0,0,0,0,0,0,0,1,1,0,0
plame_line_0203,0203,ASIGNACIÓN POR CUMPLEAÑOS,0,0,0,0,0,0,0,0,0,0,1,1,0,0
plame_line_0204,0204,ASIGNACIÓN POR MATRIMONIO,0,0,0,0,0,0,0,0,0,0,1,1,0,0
plame_line_0205,0205,ASIGNACIÓN  POR NACIMIENTO DE HIJOS,0,0,0,0,0,0,0,0,0,0,1,1,0,0
plame_line_0206,0206,ASIGNACIÓN POR FALLECIMIENTO DE FAMILIARES,0,0,0,0,0,0,0,0,0,0,1,1,0,0
plame_line_0207,0207,ASIGNACIÓN POR OTROS MOTIVOS PERSONALES (2),1,1,1,1,1,1,1,1,1,1,1,1,0,0
plame_line_0208,0208,ASIGNACIÓN POR FESTIVIDAD,0,0,0,0,0,0,0,0,0,0,1,1,0,0
plame_line_0209,0209,ASIGNACIÓN PROVISIONAL POR DEMANDA DE TRABAJADOR DESPEDIDO,0,0,0,0,0,0,0,0,0,0,1,0,0,0
plame_line_0210,0210,ASIGNACIÓN VACACIONAL,1,1,1,1,1,1,1,1,1,1,1,1,0,0
plame_line_0211,0211,ASIGNACIÓN POR ESCOLARIDAD 30 JORNALES BASICOS/AÑO,0,0,0,0,0,0,0,0,0,0,1,1,0,0
plame_line_0212,0212,ASIGNACIONES OTORGADAS POR ÚNICA VEZ CON MOTIVO DE CIERTAS CONTINGENCIAS,0,0,0,0,0,0,0,0,0,0,1,1,0,0
plame_line_0213,0213,ASIGNACIONES OTORGADAS REGULARMENTE,1,1,1,1,1,1,1,1,1,1,1,1,0,0
plame_line_0214,0214,ASIGNACIÓN POR FALLECIMIENTO 1 UIT,0,0,0,0,0,0,0,0,0,0,1,0,0,0
plame_line_0300,0300,INGRESOS: BONIFICACIONES,0,0,0,0,0,0,0,0,0,0,0,0,0,0
plame_line_0301,0301,BONIFICACIÓN POR 25 Y 30 AÑOS DE SERVICIOS,1,1,1,1,0,1,1,1,1,1,1,1,0,0
plame_line_0302,0302,BONIFICACIÓN POR CIERRE DE PLIEGO,0,0,0,0,0,0,0,0,0,0,1,1,0,0
plame_line_0303,0303,"BONIFICACIÓN POR PRODUCCIÓN, ALTURA, TURNO, ETC.",1,1,1,1,1,1,1,1,1,1,1,1,0,0
plame_line_0304,0304,BONIFICACIÓN POR RIESGO DE CAJA,1,1,1,1,1,1,1,1,1,1,1,1,0,0
plame_line_0305,0305,BONIFICACIONES POR TIEMPO DE SERVICIOS,1,1,1,1,1,1,1,1,1,1,1,1,0,0
plame_line_0306,0306,BONIFICACIONES REGULARES,1,1,1,1,1,1,1,1,1,1,1,1,0,0
plame_line_0307,0307,BONIFICACIONES CAFAE (3),0,0,0,0,0,0,0,0,0,0,0,0,0,0
plame_line_0308,0308,COMPENSACIÓN POR TRABAJOS EN DÍAS DE DESCANSO Y EN FERIADOS,1,1,1,1,1,1,1,1,1,1,1,1,0,0
plame_line_0309,0309,BONIFICACIÓN POR TURNO NOCTURNO 20% JORNAL BASICO,1,0,0,1,1,1,1,1,1,1,1,1,0,0
plame_line_0310,0310,BONIFICACIÓN CONTACTO DIRECTO CON AGUA 20% JORNAL BÁSICO,1,0,0,1,1,1,1,1,1,1,1,1,0,0
plame_line_0311,0311,BONIFICACION UNIFICADA DE CONSTRUCCIÓN,1,0,0,1,1,0,1,1,1,0,0,1,0,0
plame_line_0312,0312,BONIFICACIÓN EXTRAORDINARIA TEMPORAL – LEY 29351 Y 30334,0,0,0,0,0,0,0,0,0,0,1,1,0,0
plame_line_0313,0313,BONIFICACIÓN EXTRAORDINARIA PROPORCIONAL – LEY 29351 Y 30334,0,0,0,0,0,0,0,0,0,0,1,1,0,0
plame_line_0314,0314,BONIFICACIÓN ESPECIAL POR TRABAJO AGRARIO LEY 31110 – BETA,0,0,0,0,0,0,0,0,0,0,0,1,0,0
plame_line_0400,0400,INGRESOS: GRATIFICACIONES / AGUINALDOS,0,0,0,0,0,0,0,0,0,0,0,0,0,0
plame_line_0401,0401,GRATIFICACIONES DE FIESTAS PATRIAS Y NAVIDAD,1,1,1,1,1,1,1,1,1,1,1,1,1,1
plame_line_0402,0402,OTRAS GRATIFICACIONES ORDINARIAS,1,1,1,1,1,1,1,1,1,1,1,1,1,1
plame_line_0403,0403,GRATIFICACIONES EXTRAORDINARIAS,0,0,0,0,0,0,0,0,0,0,1,1,0,1
plame_line_0404,0404,AGUINALDOS DE JULIO Y DICIEMBRE,1,1,1,1,0,1,1,1,1,1,1,1,1,1
plame_line_0405,0405,GRATIFICACIONES PROPORCIONAL,1,1,1,1,0,1,1,1,1,1,1,1,1,1
plame_line_0406,0406,GRATIFICACIONES DE FIESTAS PATRIAS Y NAVIDAD – LEY 29351 Y 30334,0,0,0,0,0,0,0,0,0,0,1,1,0,0
plame_line_0407,0407,GRATIFICACIONES PROPORCIONAL – LEY 29351 Y 30334,0,0,0,0,0,0,0,0,0,0,1,1,0,0
plame_line_0408,0408,GRATIFIC FIESTAS PATRIAS Y NAVIDAD TRABAJ PESQ LEY 30334,0,0,0,0,0,0,0,0,0,0,0,1,0,0
plame_line_0409,0409,GRATIFICACIONES PROPORCIONAL/TRUNCA TRABAJ PESQUEROS LEY 30334,0,0,0,0,0,0,0,0,0,0,0,1,0,0
plame_line_0410,0410,GRATIF FORMA PARTE REMUNER EXCEDE VALOR DE MERCADO (DIVIDENDO),0,0,0,0,0,0,0,0,0,0,0,0,0,0
plame_line_0500,0500,INGRESOS: INDEMNIZACIONES,0,0,0,0,0,0,0,0,0,0,0,0,0,0
plame_line_0501,0501,INDEMNIZACIÓN POR DESPIDO INJUSTIFICADO U HOSTILIDAD,0,0,0,0,0,0,0,0,0,0,0,0,0,0
plame_line_0502,0502,INDEMNIZACIÓN POR MUERTE O INCAPACIDAD,0,0,0,0,0,0,0,0,0,0,0,0,0,0
plame_line_0503,0503,INDEMNIZACIÓN POR RESOLUCIÓN DE CONTRATO SUJETO A MODALIDAD,0,0,0,0,0,0,0,0,0,0,0,0,0,0
plame_line_0504,0504,INDEMNIZACIÓN POR VACACIONES NO GOZADAS,0,0,0,0,0,0,0,0,0,0,0,0,0,0
plame_line_0505,0505,INDEMNIZACIÓN POR RETENCIÓN INDEBIDA DE CTS ART. 52 D.S Nº 001-97-TR,0,0,0,0,0,0,0,0,0,0,0,0,0,0
plame_line_0506,0506,INDEMNIZACIÓN POR NO REINCORPORAR A UN TRABAJADOR CESADO EN UN PROCEDIMIENTO DE CESE COLECTIVO - DS 001-96-TR,0,0,0,0,0,0,0,0,0,0,0,0,0,0
plame_line_0507,0507,INDEMNIZACIÓN POR REALIZAR HORAS EXTRAS IMPUESTAS POR EL EMPLEADOR,0,0,0,0,0,0,0,0,0,0,0,0,0,0
plame_line_0600,0600,APORTACIONES DEL TRABAJADOR / PENSIONISTA,0,0,0,0,0,0,0,0,0,0,0,0,0,0
plame_line_0601,0601,SISTEMA PRIVADO DE PENSIONES - COMISIÓN PORCENTUAL,0,0,0,0,0,0,0,0,0,0,0,0,0,0
plame_line_0602,0602,CONAFOVICER,0,0,0,0,0,0,0,0,0,0,0,0,0,0
plame_line_0603,0603,CONTRIBUCIÓN SOLIDARIA PARA LA ASISTENCIA PREVISIONAL,0,0,0,0,0,0,0,0,0,0,0,0,0,0
plame_line_0604,0604,ESSALUD +VIDA,0,0,0,0,0,0,0,0,0,0,0,0,0,0
plame_line_0605,0605,RENTA QUINTA CATEGORÍA RETENCIONES,0,0,0,0,0,0,0,0,0,0,0,0,0,0
plame_line_0606,0606,SISTEMA PRIVADO DE PENSIONES - PRIMA DE SEGURO,0,0,0,0,0,0,0,0,0,0,0,0,0,0
plame_line_0607,0607,SISTEMA NACIONAL DE PENSIONES - D.L.19990,0,0,0,0,0,0,0,0,0,0,0,0,0,0
plame_line_0608,0608,SISTEMA PRIVADO DE PENSIONES - APORTACIÓN OBLIGATORIA,0,0,0,0,0,0,0,0,0,0,0,0,0,0
plame_line_0609,0609,SISTEMA PRIVADO DE PENSIONES - APORTACIÓN VOLUNTARIA,0,0,0,0,0,0,0,0,0,0,0,0,0,0
plame_line_0610,0610,ESSALUD - SEGURO REGULAR - PENSIONISTA,0,0,0,0,0,0,0,0,0,0,0,0,0,0
plame_line_0611,0611,OTROS APORTACIONES DEL TRABAJADOR / PENSIONISTA,0,0,0,0,0,0,0,0,0,0,0,0,0,0
plame_line_0612,0612,SISTEMA NACIONAL DE PENSIONES - ASEGURA TU PENSIÓN,0,0,0,0,0,0,0,0,0,0,0,0,0,0
plame_line_0613,0613,RÉGIMEN PENSIONARIO - D.L. 20530,0,0,0,0,0,0,0,0,0,0,0,0,0,0
plame_line_0614,0614,RÉGIMEN PENSIONARIO DEL SERV. DIPLOMÁTICO,0,0,0,0,0,0,0,0,0,0,0,0,0,0
plame_line_0615,0615,RÉGIMEN DE PENSIONES MILITAR-POLICIAL,0,0,0,0,0,0,0,0,0,0,0,0,0,0
plame_line_0616,0616,APORTE MENSUAL AL FCJMMS  -  LEY 29741 (1),0,0,0,0,0,0,0,0,0,0,0,0,0,0
plame_line_0617,0617,CUOTA- FRACCIONAMIENTO- FONDO CJMMS - LEY 29741  (2),0,0,0,0,0,0,0,0,0,0,0,0,0,0
plame_line_0618,0618,RENTA CUARTA CATEGORÍA RETENCIONES –CAS,0,0,0,0,0,0,0,0,0,0,0,0,0,0
plame_line_0619,0619,SNP – TRABAJADOR INDEPENDIENTE - LEY 29903,0,0,0,0,0,0,0,0,0,0,0,0,0,0
plame_line_0620,0620,REP - TRAB. PESQUERO LEY 30003 – RETENCIÓN,0,0,0,0,0,0,0,0,0,0,0,0,0,0
plame_line_0621,0621,RENTA QUINTA CATEGORÍA REGUL EJERC ANTERIOR,0,0,0,0,0,0,0,0,0,0,0,0,0,0
plame_line_0700,0700,DESCUENTOS AL TRABAJADOR,0,0,0,0,0,0,0,0,0,0,0,0,0,0
plame_line_0701,0701,ADELANTO,0,0,0,0,0,0,0,0,0,0,0,0,0,0
plame_line_0702,0702,CUOTA SINDICAL,0,0,0,0,0,0,0,0,0,0,0,0,0,0
plame_line_0703,0703,DESCUENTO AUTORIZADO U ORDENADO POR MANDATO JUDICIAL,0,0,0,0,0,0,0,0,0,0,0,0,0,0
plame_line_0704,0704,TARDANZAS,0,0,0,0,0,0,0,0,0,0,0,0,0,0
plame_line_0705,0705,INASISTENCIAS,0,0,0,0,0,0,0,0,0,0,0,0,0,0
plame_line_0706,0706,OTROS DESCUENTOS NO DEDUCIBLES DE LA BASE IMPONIBLE,0,0,0,0,0,0,0,0,0,0,0,0,0,0
plame_line_0707,0707,OTROS DESCUENTOS DEDUCIBLES DE LA BASE IMPONIBLE,0,0,0,0,0,0,0,0,0,0,0,0,0,0
plame_line_0800,0800,APORTACIONES DE CARGO DEL EMPLEADOR,0,0,0,0,0,0,0,0,0,0,0,0,0,0
plame_line_0801,0801,SISTEMA PRIVADO DE PENSIONES - APORTACIÓN VOLUNTARIA,0,0,0,0,0,0,0,0,0,0,0,0,0,0
plame_line_0802,0802,FONDO DE DERECHOS SOCIALES DEL ARTISTA,0,0,0,0,0,0,0,0,0,0,0,0,0,0
plame_line_0803,0803,PÓLIZA DE SEGURO - D. LEG. 688,0,0,0,0,0,0,0,0,0,0,0,0,0,0
plame_line_0804,0804,"ESSALUD (SEGURO REGULAR, CBBSP, AGRARIO/ACUICULTOR) - TRABAJADOR",0,0,0,0,0,0,0,0,0,0,0,0,0,0
plame_line_0805,0805,PENSIONES – SEGURO COMPLEMENTARIO DE TRABAJO DE RIESGO,0,0,0,0,0,0,0,0,0,0,0,0,0,0
plame_line_0806,0806,ESSALUD – SEGURO COMPLEMENTARIO DE TRABAJO DE RIESGO,0,0,0,0,0,0,0,0,0,0,0,0,0,0
plame_line_0807,0807,SENATI,0,0,0,0,0,0,0,0,0,0,0,0,0,0
plame_line_0808,0808,IMPUESTO EXTRAORDINARIO DE SOLIDARIDAD,0,0,0,0,0,0,0,0,0,0,0,0,0,0
plame_line_0809,0809,OTRAS APORTACIONES DE CARGO DEL EMPLEADOR,0,0,0,0,0,0,0,0,0,0,0,0,0,0
plame_line_0810,0810,EPS - SEGURO COMPLEMENTARIO DE TRABAJO DE RIESGO,0,0,0,0,0,0,0,0,0,0,0,0,0,0
plame_line_0811,0811,SEGURO INTEGRAL DE SALUD - SIS,0,0,0,0,0,0,0,0,0,0,0,0,0,0
plame_line_0812,0812,REP – TRAB. PESQUERO LEY 30003 – EMPLEADOR,0,0,0,0,0,0,0,0,0,0,0,0,0,0
plame_line_0813,0813,ONP - SEGURO COMPLEMENTARIO DE TRABAJO DE RIESGO,0,0,0,0,0,0,0,0,0,0,0,0,0,0
plame_line_0814,0814,COMPAÑÍA SEGURO - SEGURO COMPLEMENTARIO DE TRABAJO DE RIESGO,0,0,0,0,0,0,0,0,0,0,0,0,0,0
plame_line_0815,0815,ESSALUD +VIDA (3),0,0,0,0,0,0,0,0,0,0,0,0,0,0
plame_line_0900,0900,CONCEPTOS VARIOS,0,0,0,0,0,0,0,0,0,0,0,0,0,0
plame_line_0901,0901,BIENES DE LA PROPIA EMPRESA OTORGADOS PARA EL CONSUMO DEL TRABAJADOR,0,0,0,0,0,0,0,0,0,0,1,1,0,0
plame_line_0902,0902,BONO DE PRODUCTIVIDAD,0,0,0,0,0,0,0,0,0,0,1,1,0,0
plame_line_0903,0903,CANASTA DE NAVIDAD O SIMILARES,0,0,0,0,0,0,0,0,0,0,1,1,0,0
plame_line_0904,0904,COMPENSACIÓN POR TIEMPO DE SERVICIOS,0,0,0,0,0,0,0,0,0,0,0,0,0,0
plame_line_0905,0905,"GASTOS DE REPRESENTACIÓN (MOVILIDAD, VESTUARIO, VIÁTICOS Y SIMILARES) - LIBRE DISPONIBILIDAD",1,1,1,1,1,1,1,1,1,1,1,1,0,0
plame_line_0906,0906,INCENTIVO POR CESE DEL TRABAJADOR (4),0,0,0,0,0,0,0,0,0,0,1,0,0,0
plame_line_0907,0907,LICENCIA CON GOCE DE HABER,1,1,1,1,1,1,1,1,1,1,1,1,0,0
plame_line_0908,0908,MOVILIDAD DE LIBRE DISPOSICIÓN,1,1,1,1,1,1,1,1,1,1,1,1,0,0
plame_line_0909,0909,MOVILIDAD SUPEDITADA A ASISTENCIA Y QUE CUBRE SÓLO EL TRASLADO,0,0,0,0,0,0,0,0,0,0,1,1,0,0
plame_line_0910,0910,PARTICIPACIÓN EN LAS UTILIDADES - PAGADAS ANTES DE LA DECLARACIÓN ANUAL DEL IMPUESTO A LA RENTA,0,0,0,0,0,0,0,0,0,0,1,1,0,0
plame_line_0911,0911,PARTICIPACIÓN EN LAS UTILIDADES - PAGADAS DESPUES DE LA DECLARACIÓN ANUAL DEL IMPUESTO A LA RENTA,0,0,0,0,0,0,0,0,0,0,1,1,0,0
plame_line_0912,0912,"PENSIONES DE JUBILACIÓN O CESANTÍA, MONTEPÍO O INVALIDEZ",0,0,0,0,0,0,0,0,0,0,0,0,1,1
plame_line_0913,0913,RECARGO AL CONSUMO,0,0,0,0,0,0,0,0,0,0,0,1,0,0
plame_line_0914,0914,REFRIGERIO QUE NO ES ALIMENTACIÓN PRINCIPAL,0,0,0,0,0,0,0,0,0,0,1,1,0,0
plame_line_0915,0915,SUBSIDIOS POR MATERNIDAD,0,0,0,1,0,0,0,0,1,0,1,0,0,0
plame_line_0916,0916,SUBSIDIOS DE  INCAPACIDAD POR ENFERMEDAD,0,0,0,1,0,0,0,0,1,0,1,0,0,0
plame_line_0917,0917,CONDICIONES DE TRABAJO,0,0,0,0,0,0,0,0,0,0,0,0,0,0
plame_line_0918,0918,IMPUESTO A LA RENTA DE QUINTA CATEGORÍA ASUMIDO,1,1,1,1,1,1,1,1,1,1,1,0,0,0
plame_line_0919,0919,SISTEMA NACIONAL DE PENSIONES ASUMIDO,1,1,1,1,1,1,1,1,1,1,1,1,0,0
plame_line_0920,0920,SISTEMA PRIVADO DE PENSIONES ASUMIDO,1,1,1,1,1,1,1,1,1,1,1,1,0,0
plame_line_0921,0921,"PENSIONES DE JUBILACIÓN O CESANTÍA, MONTEPÍO O INVALIDEZ PENDIENTES POR LIQUIDAR",0,0,0,0,0,0,0,0,0,0,0,0,0,1
plame_line_0922,0922,SUMAS O BIENES QUE NO SON DE LIBRE DISPOSICIÓN,0,0,0,0,0,0,0,0,0,0,0,0,0,0
plame_line_0923,0923,INGRESOS DE CUARTA CATEGORIA QUE SON CONSIDERADOS DE QUNTA CATEGORIA,0,0,0,0,0,0,0,0,0,0,1,1,0,0
plame_line_0924,0924,INGRESOS CUARTA-QUINTA SIN RELACIÓN DE DEPENDENCIA  (9),0,0,0,0,0,0,0,0,1,0,0,1,0,0
plame_line_0925,0925,INGRESO DEL PESCADOR Y PROCESADOR ARTESANAL INDEPENDIENTE - BASE DE CALCULO APORTE ESSALUD - LEY 27177,1,0,0,0,0,0,0,0,0,0,0,0,0,0
plame_line_0926,0926,TRANSFERENCIA DIRECTA AL EXPESCADOR - LEY 30003,0,0,0,0,0,0,0,0,0,0,0,0,1,0
plame_line_0927,0927,BONIFICACIÓN PRIMA TEXTIL,1,0,0,1,1,0,1,1,1,0,0,1,0,0
plame_line_0928,0928,DEVOLUCIÓN RETENCIÓN EXCESO DE IMP. RENTA 5TA CAT.,0,0,0,0,0,0,0,0,0,0,0,0,0,0
plame_line_0929,0929,"OTRAS ASIGN, BONIF QUE FORMAN PARTE REMUNER Y EXCED VALOR DE MERCADO (DIVIDENDOS)",0,0,0,0,0,0,0,0,0,0,0,0,0,0
plame_line_0930,0930,REMUNERACIÓN QUE EXCEDE EL VALOR DE MERCADO (DIVID) DE PERÍODOS ANTERIORES,0,0,0,0,0,0,0,0,0,0,0,0,0,0
plame_line_1000,1000,OTROS CONCEPTOS,0,0,0,0,0,0,0,0,0,0,0,0,0,0
plame_line_1001,1001,OTROS CONCEPTOS 1,0,0,0,0,0,0,0,0,0,0,0,0,0,0
plame_line_1002,1002,OTROS CONCEPTOS 2,0,0,0,0,0,0,0,0,0,0,0,0,0,0
plame_line_1003,1003,OTROS CONCEPTOS 3,0,0,0,0,0,0,0,0,0,0,0,0,0,0
plame_line_1004,1004,OTROS CONCEPTOS 4,0,0,0,0,0,0,0,0,0,0,0,0,0,0
plame_line_1005,1005,OTROS CONCEPTOS 5,0,0,0,0,0,0,0,0,0,0,0,0,0,0
plame_line_1006,1006,OTROS CONCEPTOS 6,0,0,0,0,0,0,0,0,0,0,0,0,0,0
plame_line_1007,1007,OTROS CONCEPTOS 7,0,0,0,0,0,0,0,0,0,0,0,0,0,0
plame_line_1008,1008,OTROS CONCEPTOS 8,0,0,0,0,0,0,0,0,0,0,0,0,0,0
plame_line_1009,1009,OTROS CONCEPTOS 9,0,0,0,0,0,0,0,0,0,0,0,0,0,0
plame_line_1010,1010,OTROS CONCEPTOS 10,0,0,0,0,0,0,0,0,0,0,0,0,0,0
plame_line_1011,1011,OTROS CONCEPTOS 11,0,0,0,0,0,0,0,0,0,0,0,0,0,0
plame_line_1012,1012,OTROS CONCEPTOS 12,0,0,0,0,0,0,0,0,0,0,0,0,0,0
plame_line_1013,1013,OTROS CONCEPTOS 13,0,0,0,0,0,0,0,0,0,0,0,0,0,0
plame_line_1014,1014,OTROS CONCEPTOS 14,0,0,0,0,0,0,0,0,0,0,0,0,0,0
plame_line_1015,1015,OTROS CONCEPTOS 15,0,0,0,0,0,0,0,0,0,0,0,0,0,0
plame_line_1016,1016,OTROS CONCEPTOS 16,0,0,0,0,0,0,0,0,0,0,0,0,0,0
plame_line_1017,1017,OTROS CONCEPTOS 17,0,0,0,0,0,0,0,0,0,0,0,0,0,0
plame_line_1018,1018,OTROS CONCEPTOS 18,0,0,0,0,0,0,0,0,0,0,0,0,0,0
plame_line_1019,1019,OTROS CONCEPTOS 19,0,0,0,0,0,0,0,0,0,0,0,0,0,0
plame_line_1020,1020,OTROS CONCEPTOS 20,0,0,0,0,0,0,0,0,0,0,0,0,0,0
plame_line_2000,2000,RÉGIMEN LABORAL PÚBLICO,0,0,0,0,0,0,0,0,0,0,0,0,0,0
plame_line_2001,2001,REMUNERACIÓN,1,1,1,1,1,1,1,1,1,1,0,1,0,0
plame_line_2002,2002,SALARIO OBREROS,1,1,1,1,1,1,1,1,1,1,0,1,0,0
plame_line_2003,2003,BONIFICACIÓN PERSONAL - QUINQUENIO,1,1,1,1,1,1,1,1,1,1,0,1,0,0
plame_line_2004,2004,BONIFICACIÓN FAMILIAR,1,1,1,1,1,1,1,1,1,1,0,1,0,0
plame_line_2005,2005,BONIFICACIÓN DIFERENCIAL,1,1,1,1,1,1,1,1,1,1,0,1,0,0
plame_line_2006,2006,AGUINALDOS,1,1,1,1,1,1,1,1,1,1,0,1,0,0
plame_line_2007,2007,REMUNERACIÓN VACACIONAL,1,1,1,1,1,1,1,1,1,1,0,1,0,0
plame_line_2008,2008,ASIGNACIÓN POR AÑOS DE SERVICIOS,1,1,1,1,1,1,1,1,1,1,0,1,0,0
plame_line_2009,2009,BONIFICACIÓN POR ESCOLARIDAD,0,0,0,0,0,0,0,0,0,0,0,1,0,0
plame_line_2010,2010,COMPENSACIÓN POR TIEMPO DE SERVICIOS,0,0,0,0,0,0,0,0,0,0,0,0,0,0
plame_line_2011,2011,ALIMENTACIÓN - CAFAE (3),0,0,0,0,0,0,0,0,0,0,0,0,0,0
plame_line_2012,2012,MOVILIDAD - CAFAE (3),0,0,0,0,0,0,0,0,0,0,0,0,0,0
plame_line_2013,2013,RACIONAMIENTO - CAFAE,0,0,0,0,0,0,0,0,0,0,0,0,0,0
plame_line_2014,2014,INCENTIVOS LABORALES - CAFAE (3),0,0,0,0,0,0,0,0,0,0,0,0,0,0
plame_line_2015,2015,BONO JURISDICCIONAL/ BONO FISCAL,1,1,1,1,1,1,1,1,1,0,0,1,0,0
plame_line_2016,2016,GASTOS OPERATIVOS DE MAGISTRADOS Y FISCALES,0,0,0,0,0,0,0,0,0,0,0,0,0,0
plame_line_2017,2017,ASIGNACIÓN POR SERVICIO EXTERIOR,1,1,1,1,1,1,1,0,1,0,0,1,0,0
plame_line_2018,2018,BONIFICACIÓN CONSULAR,1,1,1,1,1,1,1,0,1,0,0,1,0,0
plame_line_2019,2019,ASIGNACIÓN ESPECIAL PARA DOCENTES UNIVERSITARIOS,0,0,0,0,0,0,0,0,0,0,0,1,0,0
plame_line_2020,2020,HOMOLOGACIÓN  DE DOCENTES UNIVERSITARIOS,1,1,1,1,1,1,1,1,1,0,0,1,0,0
plame_line_2021,2021,ASIGNACIÓN ESPECIAL POR LABOR PEDAGÓGICA EFECTIVA,0,0,0,0,0,0,0,0,0,0,0,1,0,0
plame_line_2022,2022,ASIGNACIÓN EXTRAORDINARIA POR TRABAJO ASISTENCIAL,0,0,0,0,0,0,0,0,0,0,0,1,0,0
plame_line_2023,2023,SERVICIOS EXTRAORDINARIOS PNP,0,0,0,0,0,0,0,0,0,0,0,1,0,0
plame_line_2024,2024,ASIGNACIONES FFAA Y PNP,0,0,0,0,0,0,0,0,0,0,0,0,0,0
plame_line_2025,2025,COMBUSTIBLE FFAA Y PNP,0,0,0,0,0,0,0,0,0,0,0,0,0,0
plame_line_2026,2026,OTROS INGRESOS REMUNERATIVOS PERSONAL ADMINISTRATIVO,1,0,0,0,0,0,0,1,0,0,0,1,0,0
plame_line_2027,2027,OTROS INGRESOS NO REMUNERATIVOS PERSONAL ADMINISTRATIVO,0,0,0,0,0,0,0,0,0,0,0,1,0,0
plame_line_2028,2028,OTROS INGRESOS REMUNERATIVOS MAGISTRADOS,1,0,0,0,0,0,0,1,0,0,0,1,0,0
plame_line_2029,2029,OTROS INGRESOS NO REMUNERATIVOS MAGISTRADOS,0,0,0,0,0,0,0,0,0,0,0,1,0,0
plame_line_2030,2030,OTROS INGRESOS REMUNERATIVOS DOCENTES UNIVERSITARIOS,1,0,0,0,0,0,0,1,0,0,0,1,0,0
plame_line_2031,2031,OTROS INGRESOS NO REMUNERATIVOS DOCENTES UNIVERSITARIOS,0,0,0,0,0,0,0,0,0,0,0,1,0,0
plame_line_2032,2032,OTROS INGRESOS REMUNERATIVOS PROFESORADO,1,0,0,0,0,0,0,1,0,0,0,1,0,0
plame_line_2033,2033,OTROS INGRESOS NO REMUNERATIVOS PROFESORADO,0,0,0,0,0,0,0,0,0,0,0,1,0,0
plame_line_2034,2034,OTROS INGRESOS REMUNERATIVOS PROFESIONALES DE LA SALUD,1,0,0,0,0,0,0,1,0,0,0,1,0,0
plame_line_2035,2035,OTROS INGRESOS NO REMUNERATIVOS PROFESIONALES DE LA SALUD,0,0,0,0,0,0,0,0,0,0,0,1,0,0
plame_line_2036,2036,OTROS INGRESOS REMUNERATIVOS FFAA Y PNP,1,0,0,0,0,0,0,1,0,0,0,1,0,0
plame_line_2037,2037,OTROS INGRESOS NO REMUNERATIVOS FFAA Y PNP,0,0,0,0,0,0,0,0,0,0,0,1,0,0
plame_line_2038,2038,ASIGNACIÓN ESPECIAL - D.U. 126-2001,0,0,0,0,0,0,0,0,0,0,0,1,0,0
plame_line_2039,2039,INGRESOS D.LEG. 1057 - CAS,1,0,0,1,0,0,0,1,1,0,0,0,0,0
plame_line_2040,2040,REMUNERACIÓN POR DÍAS CON RELACIÓN LABORAL EN EL PERÍODO  DE UN CAS,1,1,1,1,1,1,1,1,1,0,0,1,0,0
plame_line_2041,2041,AGUINALDOS DE JULIO Y DICIEMBRE – LEY 29351,0,0,0,0,0,0,0,0,0,0,0,1,0,0
plame_line_2042,2042,BONIFICACIÓN ESPECIAL A SERV PUB - DU 037-94 (5),0,0,0,0,0,0,0,0,0,0,0,1,0,0
plame_line_2043,2043,REMUNERACIÓN VACACIONAL-D.LEG. 1057-CAS,1,0,0,1,0,0,0,1,1,0,0,0,0,0
plame_line_2044,2044,AGUNALDOS DE JULIO Y DICIEMBRE - D.LEG. 1057 - CAS(6 y 7),0,0,0,0,0,0,0,0,0,0,0,0,0,0
plame_line_2045,2045,LICENCIA CON GOCE DE HABER - D.LEG. 1057 - CAS (6),1,0,0,1,0,0,0,1,1,0,0,0,0,0
plame_line_2046,2046,VALORIZACIÓN PRINCIPAL - LEY 30057,1,0,0,1,0,0,0,1,1,0,0,1,0,0
plame_line_2047,2047,VALORIZACIÓN AJUSTADA - LEY 30057,1,0,0,1,0,0,0,1,1,0,0,1,0,0
plame_line_2048,2048,VALORIZACIÓN PRIORIZADA - LEY 30057,0,0,0,0,0,0,0,0,0,0,0,0,0,0
plame_line_2049,2049,ENTREGA ECONÓMICA POR VACACIONES - LEY 30057,1,0,0,1,0,0,0,1,1,0,0,1,0,0
plame_line_2050,2050,ENTREGA ECONÓMICA POR VACACIONES TRUNCAS - LEY 30057,1,0,0,1,0,0,0,1,1,0,0,1,0,0
plame_line_2051,2051,AGUINALDOS POR FIESTAS PATRIAS Y NAVIDAD- LEY 30057 Y LEY  30334,0,0,0,0,0,0,0,0,0,0,0,1,0,0
plame_line_2052,2052,AGUINALDOS TRUNCOS POR FIESTAS PATRIAS Y NAVIDAD- LEY 30057 Y LEY  30334,0,0,0,0,0,0,0,0,0,0,0,1,0,0
plame_line_2053,2053,AGUINALDOS PROPORCIONALES POR FIESTAS PATRIAS Y NAVIDAD- LEY 30057 Y LEY  30334,0,0,0,0,0,0,0,0,0,0,0,1,0,0
plame_line_2054,2054,INDEMNIZ POR DESTITUCIÓN NULA O INJUSTIFICADA - LEY 30057,0,0,0,0,0,0,0,0,0,0,0,0,0,0
plame_line_2055,2055,REMUNERACIÓN INTEGRAL MENSUAL - LEY 29944,0,0,0,0,0,0,0,0,0,0,0,1,0,0
plame_line_2056,2056,ASIGNACIÓN POR DIRECTOR DE UNIDAD DE GESTIÓN EDUCATIVA LOCAL - LEY 29944,0,0,0,0,0,0,0,0,0,0,0,1,0,0
plame_line_2057,2057,ASIGNACIÓN POR DIRECTOR DE GESTIÓN PEDAGÓGICA - LEY 29944,0,0,0,0,0,0,0,0,0,0,0,1,0,0
plame_line_2058,2058,ASIGNACIÓN POR ESPECIALISTA EN EDUCACIÓN - LEY  29944,0,0,0,0,0,0,0,0,0,0,0,1,0,0
plame_line_2059,2059,ASIGNACIÓN POR ESPECIALISTA EN INNOVACIÓN E INVESTIGACIÓN - LEY 29944,0,0,0,0,0,0,0,0,0,0,0,1,0,0
plame_line_2060,2060,ASIGNACIÓN POR DIRECTOR DE INSTITUCIÓN EDUCATIVA - LEY 29944,0,0,0,0,0,0,0,0,0,0,0,1,0,0
plame_line_2061,2061,ASIGNACIÓN POR SUB DIRECTOR DE INSTITUCIÓN EDUCATIVA - LEY 29944,0,0,0,0,0,0,0,0,0,0,0,1,0,0
plame_line_2062,2062,ASIGNACIÓN POR CARGOS JERÁRQUICOS DE INSTITUCIÓN EDUCATIVA - LEY  29944,0,0,0,0,0,0,0,0,0,0,0,1,0,0
plame_line_2063,2063,"ASIGNACIÓN POR SERVICIO EN INSTITUCIÓN  UNIDOCENTE, MULTIGRADO O BILINGÚE - LEY 29944",0,0,0,0,0,0,0,0,0,0,0,1,0,0
plame_line_2064,2064,ASIGNACIÓN POR TRABAJO EN ÁMBITO RURAL O DE FRONTERA  -  LEY  29944,0,0,0,0,0,0,0,0,0,0,0,1,0,0
plame_line_2065,2065,"ASIGNACIÓN POR ASESORÍA. FORMACIÓN, CAPACITACIÓN Y/O ACOMPAÑAMIENTO - LEY 29944",0,0,0,0,0,0,0,0,0,0,0,1,0,0
plame_line_2066,2066,ASIGNACIÓN POR TIEMPO DE SERVICIOS - LEY 29944,0,0,0,0,0,0,0,0,0,0,0,1,0,0
plame_line_2067,2067,ASIGNACIÓN ESPECIAL A PROFESORES DEL VRAEM - Ley 29944,0,0,0,0,0,0,0,0,0,0,0,1,0,0
plame_line_2068,2068,INCENTIVO POR EXCELENCIA PROFESIONAL Y DESEMPEÑO DESTACADO - LEY 29944,0,0,0,0,0,0,0,0,0,0,0,1,0,0
plame_line_2069,2069,INCENTIVO POR ESTUDIOS DE POSTGRADO - LEY  29944,0,0,0,0,0,0,0,0,0,0,0,1,0,0
plame_line_2070,2070,ASIGNACIÓN DIFERENCIADA POR MAESTRÍA Y DOCTORADO - LEY 29944,0,0,0,0,0,0,0,0,0,0,0,1,0,0
plame_line_2071,2071,SUBSIDIO POR LUTO Y SEPELIO - LEY 29944,0,0,0,0,0,0,0,0,0,0,0,1,0,0
plame_line_2072,2072,COMPENSACIÓN EXTRAORDINARIA TRANSITORIA – LEY 29944,0,0,0,0,0,0,0,0,0,0,0,1,0,0
plame_line_2073,2073,DIFERENCIAL SUBSIDIO PAGAGO POR LA ENTIDAD PÚBLICA - D.LEG. 1057-CAS,0,0,0,0,0,0,0,0,1,0,0,0,0,0
plame_line_2074,2074,VALORIZACIÓN PRINCIPAL - DEC.LEGISL 1153,1,0,0,1,0,0,0,1,1,0,0,1,0,0
plame_line_2075,2075,BONIF POR PUESTO DE RESPONS JEFAT DE DPTO O SERVICIO -DL 1153,1,0,0,1,0,0,0,1,1,0,0,1,0,0
plame_line_2076,2076,"BONIF POR PUESTO DE RESPONS JEFAT EN ESTABLEC DE SALUD I3, I4, MICRORREDES O REDES -DL 1153",1,0,0,1,0,0,0,1,1,0,0,1,0,0
plame_line_2077,2077,BONIF POR PUESTO ESPEC O DE DEDIC EXCLUS EN SERV DE SALUD PÚBLICA - DL 1153,1,0,0,1,0,0,0,1,1,0,0,1,0,0
plame_line_2078,2078,BONIF POR PUESTO ESPECIFICO - DL 1153,1,0,0,1,0,0,0,1,1,0,0,1,0,0
plame_line_2079,2079,BONIF POR PUESTO EN SERV DE SALUD PUBLICA-DL 1153,1,0,0,1,0,0,0,1,1,0,0,1,0,0
plame_line_2080,2080,DESCANSO VACACIONAL -- DL 1153,1,0,0,1,0,0,0,1,1,0,0,1,0,0
plame_line_2081,2081,DESCANSO VACACIONAL PROPORC -- DL 1153,1,0,0,1,0,0,0,1,1,0,0,1,0,0
plame_line_2082,2082,VAL PRIORIZ ZONA ALEJADA DE FRONTERA - DL 1153,0,0,0,0,0,0,0,0,0,0,0,1,0,0
plame_line_2083,2083,VAL PRIORIZ ZONA DE EMERGENCIA  - DL 1153,0,0,0,0,0,0,0,0,0,0,0,1,0,0
plame_line_2084,2084,VAL PRIORIZ ATENCIÓN PRIMARIA DE SALUD  - DL 1153,0,0,0,0,0,0,0,0,0,0,0,1,0,0
plame_line_2085,2085,VAL PRIORIZ ATENCIÓN ESPECIALIZADA  - DL 1153,0,0,0,0,0,0,0,0,0,0,0,1,0,0
plame_line_2086,2086,VAL PRIORIZ ATENCIÓN EN SERV CRÍTICOS  - DL 1153,0,0,0,0,0,0,0,0,0,0,0,1,0,0
plame_line_2087,2087,VAL PRIORIZ ATENCIÓN ESPEC DE SOPORTE  - DL 1153,0,0,0,0,0,0,0,0,0,0,0,1,0,0
plame_line_2088,2088,SERVICIOS DE GUARDIA,0,0,0,0,0,0,0,0,0,0,0,1,0,0
plame_line_2089,2089,SERVV COMPLEMENTARIO EN SALUD - DL 1153,0,0,0,0,0,0,0,0,0,0,0,1,0,0
plame_line_2090,2090,ENTREGA ECON POR 25 AÑOS DE SERVICIO - DL 1153,0,0,0,0,0,0,0,0,0,0,0,1,0,0
plame_line_2091,2091,ENTREGA ECON POR 30  AÑOS DE SERVICIO - DL 1153,0,0,0,0,0,0,0,0,0,0,0,1,0,0
plame_line_2092,2092,ENTREGA ECON POR LUTO Y SEPELIO - DL 1153,0,0,0,0,0,0,0,0,0,0,0,1,0,0
plame_line_2093,2093,"ASIGN POR CUMPLIM DE METAS INST, INDIC DESEMP - DL 1153",0,0,0,0,0,0,0,0,0,0,0,1,0,0
plame_line_2094,2094,GASTOS OPERATIVOS DE MAGISTRADOS Y FISCALES  NO CONSTITUYE CONDICIÓN DE TRABAJO,0,0,0,0,0,0,0,0,0,0,0,1,0,0
plame_line_2095,2095,MONTO ÚNICO CONSOLIDADO (MUC) DU 038-2019,1,0,0,1,0,0,1,1,1,1,0,1,0,0
plame_line_2096,2096,ASIGNACIÓN POR CUMPLIR 25 AÑOS DE SERV DU 038-2019,0,0,0,0,0,0,0,0,0,0,0,1,0,0
plame_line_2097,2097,ASIGNACIÓN POR CUMPLIR 30 AÑOS DE SERV DU 038-2019,0,0,0,0,0,0,0,0,0,0,0,1,0,0
plame_line_2098,2098,ASIGNACIÓN POR LUTO Y SEPELIO DU 038-2019,0,0,0,0,0,0,0,0,0,0,0,1,0,0
plame_line_2099,2099,BET FIJO IMPONIBLE (DL 276),1,0,0,1,0,0,1,1,1,1,0,1,0,0
plame_line_2100,2100,BET FIJO NO IMPONIBLE (DL 276),0,0,0,1,0,0,1,1,1,1,0,1,0,0
plame_line_2101,2101,BET VARIABLE BONIFICACIÓN FAMILIAR (DL 276),0,0,0,0,0,0,0,0,0,0,0,1,0,0
plame_line_2102,2102,BET VARIABLE BONIFICACIÓN DIFERENCIAL PERMANENTE (DL 276),0,0,0,0,0,0,0,0,0,0,0,1,0,0
plame_line_2103,2103,BET VARIABLE BONIFICACIÓN DIFERENCIAL TEMPORAL (DL 276),0,0,0,0,0,0,0,0,0,0,0,1,0,0
plame_line_2104,2104,BET VARIABLE CENTROS DE PRODUC Y SIMILARES (DL 276),0,0,0,0,0,0,0,0,0,0,0,1,0,0
plame_line_2105,2105,BET VARIABLE OTROS DETERMIN POR LA DGGFRH (DL 276),0,0,0,0,0,0,0,0,0,0,0,1,0,0
plame_line_2106,2106,COMPENSACIÓN POR VACACIONES TRUNCAS DU 38-2019 (DL 276),0,0,0,0,0,0,0,0,0,0,0,1,0,0
plame_line_2107,2107,SUBSIDIO POR GASTOS DE SEPELIO (DL 276),0,0,0,0,0,0,0,0,0,0,0,1,0,0
plame_line_2108,2108,MUC Y BET AFECTO A CARGAS SOCIALES NOTIF EN RD,1,0,0,1,0,0,1,1,1,1,0,1,0,0
plame_line_2109,2109,MUC Y BET NO AFECTO A CARGAS SOCIALES,0,0,0,0,0,0,0,0,0,0,0,1,0,0
plame_line_2110,2110,ASIGNACIÓN POR DESEMPEÑO EN PUESTOS DE GESTIÓN PEDAGÓGICA,0,0,0,0,0,0,0,0,0,0,0,1,0,0
plame_line_2111,2111,ASIG POR DESEMPEÑO EN PUESTO DE DIRECTOR GRAL (EESP),0,0,0,0,0,0,0,0,0,0,0,1,0,0
plame_line_2112,2112,"BONIF POR INSTIT EDUC UNIDOCENTE, MULTIGRADO O BILINGÜE",0,0,0,0,0,0,0,0,0,0,0,1,0,0
plame_line_2113,2113,BONIF. POR PRESTAR SERVICIO EN ÁMBITO RURAL O FRONTERA,0,0,0,0,0,0,0,0,0,0,0,1,0,0
plame_line_2114,2114,BONIFICACIÓN POR PALMAS MAGISTERIALES,0,0,0,0,0,0,0,0,0,0,0,1,0,0
plame_line_2115,2115,PREMIO ANUAL POR RESULTADOS DESTACADOS,0,0,0,0,0,0,0,0,0,0,0,1,0,0
plame_line_2116,2116,BONO DE INCENTIVO AL DESEMPEÑO ESCOLAR,0,0,0,0,0,0,0,0,0,0,0,1,0,0
